{"_sessions":{"BRvWcx5ZZwx6lH7RPyKT99Hj+0TwZdLQ4cx+SFwK6/MX":{"registrationId":277801165,"currentRatchet":{"ephemeralKeyPair":{"pubKey":"BaFx0hAdwQsrErq5YZxHymYb4X1/yo6R2x04jYCUnkMS","privKey":"mN3TmEZtDeS+SDhpEluwrBvNO8EKZJSsk9ZZVrWuCHg="},"lastRemoteEphemeralKey":"Bb2/ynq8eK5tT6ZfhQ1Ax6Ww49qJ2avfxrUgSPYKUCQH","previousCounter":2,"rootKey":"CjBYVxDJhAND6d/poPjMHZ9KrXvWuU9d1QtRGFAW9Q8="},"indexInfo":{"baseKey":"BRvWcx5ZZwx6lH7RPyKT99Hj+0TwZdLQ4cx+SFwK6/MX","baseKeyType":2,"closed":-1,"used":1721108041011,"created":1721051329725,"remoteIdentityKey":"BdCVGDKv7yJSD3IdxFP2j86cuD2m1gVXE9XenJyyiWtD"},"_chains":{"Bd2sBoKQheCntgy5fq9ES6yJ76zYRv3WfxVMbbLAxXhe":{"chainKey":{"counter":0},"chainType":2,"messageKeys":{}},"Ba6J+Ulx3wJ+GEghFJroRxDNKI5o4Y0J2N2bhf0l5BRj":{"chainKey":{"counter":4},"chainType":2,"messageKeys":{}},"BSHFXLiHtBJxKr8YVInZukM/nYaAp8VDWlZ0cu+ebeh5":{"chainKey":{"counter":0},"chainType":2,"messageKeys":{}},"BUZ2ThEPjZKyFxs2hDI/WiUZWUH+3OG8TisHtlr7zaEY":{"chainKey":{"counter":1},"chainType":2,"messageKeys":{"1":"paXX8uou8Dy4DjQfdzFTknd3cE3kddg7NJpncdu8vHY="}},"Ba/wljcWlF/yNlDvx2TNb5V8b0QV+APUcck+D/h1D9Bs":{"chainKey":{"counter":0},"chainType":2,"messageKeys":{}},"BTlcV9HwcWQGUnS84X3hdooce+I1tsQbRR6ct44ZI00I":{"chainKey":{"counter":2},"chainType":2,"messageKeys":{"2":"RcZdoi2c4nYjyw/5XmrUbskxoxlNK3Z05G8NFPQq3Rc="}},"BYLF46E7a5yBWvNzSvNlWth27HOYPYDed0IJo1byCd4X":{"chainKey":{"counter":0},"chainType":2,"messageKeys":{}},"BWgdnxHG80aE8I0/3btHnphlwy3OfrQeieQa5xlIU3pn":{"chainKey":{"counter":0},"chainType":2,"messageKeys":{}},"BWX5gWbJyE0vB8VTc8cvBUFqn/TBWk2tFxg5esGebDBJ":{"chainKey":{"counter":0},"chainType":2,"messageKeys":{}},"BfWLKXRE0Zal1/qNIo6Pu8u4+Qowju4dOpRZa4Xf2gEr":{"chainKey":{"counter":0},"chainType":2,"messageKeys":{}},"BaiI6I7q2+3AR4skd/jzKoecFDddXKe9h0Xmi2ZBc4sR":{"chainKey":{"counter":0},"chainType":2,"messageKeys":{}},"BQAnAf4YmQxtpWJz1nNCBPY0K8haWg4J74pRJ6aFzLdD":{"chainKey":{"counter":1},"chainType":2,"messageKeys":{}},"BYYaX2tDIW/XeYFnThF01G99FPtHKCy+vi8cD0k6Rf0N":{"chainKey":{"counter":0},"chainType":2,"messageKeys":{}},"BR32/IUrIwGRjk3zvhF1K/4uRX94ixAt4fXfy3mvou82":{"chainKey":{"counter":0},"chainType":2,"messageKeys":{}},"BSxa9NyU2C76Iv3zDvuDbSlTM9b5wW5adPdpNgblOHYy":{"chainKey":{"counter":0},"chainType":2,"messageKeys":{}},"BZTT8qoMixTENl+8CKLbHr7cMTdVLiMVVp9zzS+OrPcu":{"chainKey":{"counter":0},"chainType":2,"messageKeys":{}},"BflH86ELwBaw+c+608T7MVCehsRICJJdlbYdtMHmbDhH":{"chainKey":{"counter":0},"chainType":2,"messageKeys":{}},"Bfr9sdo/1fv9kTFo+Sn3vI4ErtSWoOldFjKSCpsOLElH":{"chainKey":{"counter":2},"chainType":2,"messageKeys":{}},"BRO+0ncKJmhyyOKR6Um4Bntx6zJWW8ChRYmyLiVPrkdx":{"chainKey":{"counter":0},"chainType":2,"messageKeys":{}},"BZe536Svx90nZzJGCCtde7l+uQq5xta7MlPHOynJwfc/":{"chainKey":{"counter":0},"chainType":2,"messageKeys":{}},"Bb1r7uOXCMSKASL2/uE3wEYUp/lvfqOwqDDnJGIJhvRW":{"chainKey":{"counter":0},"chainType":2,"messageKeys":{}},"BdSGBQAkCnaWh1/L94hv61TiC10WvFxEeyl+qcrxTOY1":{"chainKey":{"counter":0},"chainType":2,"messageKeys":{}},"Bb2/ynq8eK5tT6ZfhQ1Ax6Ww49qJ2avfxrUgSPYKUCQH":{"chainKey":{"counter":0,"key":"Ab/qFFLvapYInMifO1RRXnRMKeALIV0IpNKmeQCLfK0="},"chainType":2,"messageKeys":{}},"BaFx0hAdwQsrErq5YZxHymYb4X1/yo6R2x04jYCUnkMS":{"chainKey":{"counter":1,"key":"oGA4NeWHGCYJ30A5IyETcU6IUjmpJKTvvAA9ykLUE+E="},"chainType":1,"messageKeys":{}}}}},"version":"v1"}