{"_sessions":{"Bf2cUENJhcIsi95YM4I8gm+ZXibgMbum76p3npI5krpa":{"registrationId":1375910508,"currentRatchet":{"ephemeralKeyPair":{"pubKey":"BR5XC7WLjLXZDEpsGp9NbvjBAoYQxTGyLy2SMMQgxxQO","privKey":"ABxcqgvo7gFGpttHwwOt+PhAxZkzkDq2+ePSwCjRLUU="},"lastRemoteEphemeralKey":"BQftKKWjAlrgaaHtjtLmo3py4k+hIfkkesDHMzzrcB94","previousCounter":40,"rootKey":"YSZ0yiOLsLVIWhwvepo/o/tSPk074EMffVJTm97GZ+c="},"indexInfo":{"baseKey":"Bf2cUENJhcIsi95YM4I8gm+ZXibgMbum76p3npI5krpa","baseKeyType":1,"closed":-1,"used":1721101166420,"created":1721051328607,"remoteIdentityKey":"BYxJ4jL+804SYIdoO1hWTgMM8UVXgWNga4NWsyimrNwK"},"_chains":{"BQftKKWjAlrgaaHtjtLmo3py4k+hIfkkesDHMzzrcB94":{"chainKey":{"counter":0,"key":"dVY9QX/8hBdNX/6wKtCgnd5kmnBLLGaC15PdwaJtt9E="},"chainType":2,"messageKeys":{}},"BR5XC7WLjLXZDEpsGp9NbvjBAoYQxTGyLy2SMMQgxxQO":{"chainKey":{"counter":23,"key":"KaZvehrikLi2g1DxNH5OGCGWqAnuNXwsTYdpRwJUC5A="},"chainType":1,"messageKeys":{}}}}},"version":"v1"}